country_txt,iyear,Sum of iyear
Afghanistan,,25625202
,2017,2852038
,2016,3259872
,2015,3884920
,2014,3673536
,2013,2904759
,2012,2955628
,2011,846631
,2010,1089420
,2009,1010527
,2008,831312
,2007,684387
,2006,565692
,2005,310775
,2004,176352
,2003,200300
,2002,76076
,2001,28014
,2000,28000
,1999,17991
,1998,1998
,1997,1997
,1996,7984
,1995,11970
,1994,17946
,1992,71712
,1991,59730
,1990,3980
,1989,19890
,1988,21868
,1987,1987
,1979,5937
,1973,1973
Albania,,159925
,2017,2017
,2016,4032
,2015,8060
,2014,4028
,2013,2013
,2009,2009
,2003,2003
,2001,2001
,2000,4000
,1999,5997
,1998,13986
,1997,81877
,1996,11976
,1994,3988
,1992,5976
,1991,1991
,1990,1990
,1981,1981
Algeria,,5487397
,2017,28238
,2016,18144
,2015,32240
,2014,26182
,2013,44286
,2012,82492
,2011,30165
,2010,201000
,2009,216972
,2008,214856
,2007,248868
,2006,304912
,2005,208520
,2004,134268
,2003,150225
,2002,264264
,2001,226113
,2000,276000
,1999,211894
,1998,301698
,1997,686968
,1996,257484
,1995,369075
,1994,452638
,1992,428280
,1991,59730
,1990,3980
,1979,1979
,1978,1978
,1976,1976
,1972,1972
Andorra,,1974
,1974,1974
Angola,,994451
,2017,12102
,2016,4032
,2010,4020
,2009,2009
,2002,12012
,2001,80040
,2000,44000
,1999,67966
,1998,39960
,1997,13979
,1996,7984
,1995,19950
,1994,17946
,1992,99600
,1991,31856
,1990,407950
,1989,23868
,1988,23856
,1987,5961
,1986,9930
,1985,11910
,1984,21824
,1983,13881
,1982,3964
,1981,1981
,1979,5937
,1978,3956
,1977,1977
Antigua and Barbuda,,1992
,1992,1992
Argentina,,1616458
,2017,6051
,2016,4032
,2015,2015
,2014,2014
,2013,4026
,2012,4024
,2011,2011
,2010,10050
,2009,2009
,2005,6015
,2003,2003
,2001,4002
,1999,1999
,1997,21967
,1996,37924
,1995,31920
,1994,27916
,1992,81672
,1991,53757
,1990,61690
,1989,63648
,1988,65604
,1987,158960
,1986,65538
,1985,85355
,1984,91264
,1983,35694
,1982,17838
,1981,3962
,1980,11880
,1979,31664
,1978,49450
,1977,33609
,1976,106704
,1975,75050
,1974,140154
,1973,118380
,1972,39440
,1971,13797
,1970,41370
Armenia,,48029
,2016,4032
,2015,4030
,2013,2013
,2009,2009
,2007,2007
,2001,4002
,2000,4000
,1999,3998
,1998,3996
,1996,1996
,1995,1995
,1994,7976
,1992,3984
,1991,1991
Australia,,227757
,2017,8068
,2016,18144
,2015,28210
,2014,16112
,2013,2013
,2010,2010
,2009,2009
,2008,6024
,2006,4012
,2001,4002
,2000,2000
,1998,11988
,1997,7988
,1996,9980
,1995,9975
,1994,17946
,1992,7968
,1991,7964
,1989,3978
,1988,5964
,1986,3972
,1982,3964
,1981,1981
,1980,11880
,1979,3958
,1978,3956
,1974,1974
,1972,15776
,1971,1971
,1970,1970
Austria,,228748
,2017,2017
,2016,6048
,2013,2013
,2011,2011
,2009,6027
,2008,14056
,2007,2007
,2006,2006
,1998,1998
,1997,1997
,1996,7984
,1995,23940
,1994,9970
,1992,15936
,1991,5973
,1990,1990
,1989,3978
,1988,1988
,1987,7948
,1986,7944
,1985,7940
,1984,7936
,1982,21802
,1981,5943
,1980,3960
,1979,9895
,1978,1978
,1977,9885
,1976,7904
,1975,3950
,1974,1974
,1973,3946
,1972,13804
Azerbaijan,,97945
,2017,4034
,2016,4032
,2014,6042
,2009,4018
,2008,4016
,2007,2007
,2002,2002
,2001,8004
,2000,2000
,1997,1997
,1996,3992
,1995,3990
,1994,21934
,1992,23904
,1991,5973
Bahamas,,9964
,2013,2013
,1997,3994
,1981,1981
,1976,1976
Bahrain,,416106
,2017,42357
,2016,6048
,2015,36270
,2014,84588
,2013,104676
,2012,52312
,2011,2011
,2010,4020
,2008,2008
,2006,2006
,2003,2003
,1997,21967
,1996,31936
,1995,15960
,1994,1994
,1991,1991
,1980,1980
,1979,1979
Bangladesh,,3306252
,2017,82697
,2016,177408
,2015,945035
,2014,261820
,2013,279807
,2012,36216
,2011,26143
,2010,44220
,2009,54243
,2008,38152
,2007,18063
,2006,46138
,2005,46115
,2004,22044
,2003,8012
,2002,10010
,2001,30015
,2000,46000
,1999,21989
,1998,3996
,1997,33949
,1996,321356
,1995,147630
,1994,135592
,1992,151392
,1991,83622
,1990,43780
,1989,71604
,1988,71568
,1987,11922
,1986,21846
,1985,1985
,1984,1984
,1982,1982
,1981,1981
,1980,1980
,1979,1979
,1977,1977
Barbados,,5944
,1992,1992
,1976,3952
Belarus,,26069
,2012,6036
,2011,2011
,2010,4020
,2008,2008
,2006,2006
,2001,2001
,1999,1999
,1997,3994
,1994,1994
Belgium,,306253
,2017,6051
,2016,12096
,2014,4028
,2012,2012
,2009,2009
,2007,2007
,2003,16024
,2002,6006
,1999,3998
,1998,5994
,1997,3994
,1995,1995
,1994,9970
,1992,17928
,1991,11946
,1990,3980
,1989,13923
,1988,9940
,1987,1987
,1986,5958
,1985,41685
,1984,19840
,1983,15864
,1982,1982
,1981,11886
,1980,15840
,1979,15832
,1978,15824
,1977,1977
,1976,1976
,1974,9870
,1973,1973
,1972,7888
,1970,1970
Belize,,15950
,2013,2013
,2000,2000
,1992,3984
,1991,5973
,1980,1980
Benin,,15968
,2007,2007
,1996,3992
,1995,1995
,1994,5982
,1992,1992
Bhutan,,12055
,2014,2014
,2011,2011
,2008,6024
,2006,2006
Bolivia,,623838
,2012,2012
,2009,6027
,2007,6021
,2005,2005
,2003,2003
,1997,7988
,1996,1996
,1995,3990
,1994,15952
,1992,75696
,1991,55748
,1990,21890
,1989,79560
,1988,21868
,1987,27818
,1986,7944
,1985,25805
,1984,27776
,1983,53541
,1982,53514
,1981,9905
,1980,69300
,1979,27706
,1978,5934
,1977,1977
,1976,1976
,1974,1974
,1971,3942
,1970,1970
Bosnia-Herzegovina,,317702
,2015,12090
,2014,6042
,2013,2013
,2011,2011
,2010,2010
,2009,2009
,2008,8032
,2007,4014
,2006,2006
,2005,2005
,2003,2003
,2002,6006
,2001,4002
,2000,12000
,1999,9995
,1998,17982
,1997,83874
,1996,65868
,1995,11970
,1994,17946
,1992,43824
Botswana,,19873
,1995,1995
,1990,1990
,1989,3978
,1988,5964
,1987,1987
,1985,1985
,1974,1974
Brazil,,543549
,2017,4034
,2016,4032
,2015,10075
,2014,6042
,2013,6039
,2012,2012
,2006,6018
,2003,2003
,2002,2002
,2001,6003
,2000,4000
,1999,1999
,1998,3996
,1997,77883
,1996,35928
,1995,45885
,1994,37886
,1992,47808
,1991,47784
,1990,13930
,1989,9945
,1988,3976
,1987,1987
,1986,5958
,1985,1985
,1984,9920
,1983,15864
,1982,7928
,1981,21791
,1980,37620
,1979,11874
,1978,9890
,1977,1977
,1976,9880
,1973,3946
,1972,5916
,1971,5913
,1970,11820
Brunei,,11852
,1992,1992
,1972,9860
Bulgaria,,103935
,2016,2016
,2015,4030
,2014,2014
,2013,6039
,2012,4024
,2011,4022
,2008,4016
,2002,2002
,2001,2001
,2000,4000
,1999,1999
,1998,3996
,1997,5991
,1996,23952
,1995,3990
,1994,3988
,1992,3984
,1991,5973
,1990,9950
,1984,1984
,1982,3964
Burkina Faso,,104773
,2017,64544
,2016,20160
,2015,12090
,2013,2013
,1991,3982
,1984,1984
Burundi,,1228994
,2017,42357
,2016,167328
,2015,205530
,2014,10070
,2013,4026
,2012,8048
,2011,16088
,2010,58290
,2008,14056
,2007,6021
,2006,10030
,2005,10025
,2004,2004
,2003,36054
,2002,36036
,2001,74037
,2000,34000
,1999,25987
,1998,25974
,1997,157763
,1996,69860
,1995,165585
,1994,31904
,1992,3984
,1991,13937
Cambodia,,516595
,2013,4026
,2008,4016
,2003,2003
,2002,6006
,2001,14007
,2000,8000
,1999,15992
,1998,13986
,1997,35946
,1996,65868
,1995,111720
,1994,77766
,1992,133464
,1991,5973
,1990,3980
,1989,3978
,1978,1978
,1972,3944
,1971,3942
Cameroon,,668685
,2017,189598
,2016,112896
,2015,167245
,2014,136952
,2013,6039
,2011,6033
,2010,6030
,2009,2009
,2008,2008
,2007,2007
,1998,1998
,1995,3990
,1994,11964
,1992,11952
,1991,7964
Canada,,192079
,2017,24204
,2016,12096
,2015,10075
,2014,6042
,2013,8052
,2012,6036
,2010,4020
,2009,8036
,2008,10040
,2006,4012
,2004,4008
,2000,10000
,1999,3998
,1998,7992
,1997,3994
,1996,1996
,1995,9975
,1994,7976
,1992,5976
,1989,1989
,1986,3972
,1985,5955
,1983,1983
,1982,9910
,1980,5940
,1974,1974
,1972,7888
,1970,3940
Central African Republic,,569834
,2017,86731
,2016,76608
,2015,96720
,2014,189316
,2013,40260
,2012,8048
,2011,6033
,2010,26130
,2009,10045
,2008,4016
,2007,2007
,2006,2006
,2001,2001
,2000,2000
,1996,1996
,1994,1994
,1992,1992
,1991,7964
,1986,1986
,1981,1981
Chad,,182673
,2017,12102
,2016,10080
,2015,54405
,2014,2014
,2010,2010
,2009,6027
,2008,16064
,2007,14049
,2006,22066
,2002,8008
,1999,1999
,1998,1998
,1997,1997
,1996,1996
,1995,5985
,1994,1994
,1992,7968
,1991,3982
,1986,1986
,1985,1985
,1984,1984
,1974,1974
Chile,,4700025
,2017,24204
,2016,36288
,2015,2015
,2014,34238
,2013,10065
,2012,4024
,2011,12066
,2010,10050
,2009,16072
,2008,8032
,2007,16056
,2006,2006
,2003,4006
,2002,2002
,2001,6003
,2000,4000
,1999,5997
,1998,1998
,1997,11982
,1996,15968
,1995,33915
,1994,29910
,1992,231072
,1991,252857
,1990,320390
,1989,290394
,1988,367780
,1987,343751
,1986,482598
,1985,460520
,1984,1116992
,1983,210198
,1982,41622
,1981,67354
,1980,81180
,1979,96971
,1978,15824
,1977,11862
,1976,3952
,1973,13811
China,,504956
,2017,12102
,2016,10080
,2015,34255
,2014,74518
,2013,24156
,2012,8048
,2011,8044
,2010,2010
,2009,14063
,2008,40160
,2005,2005
,2004,4008
,2003,6009
,2002,4004
,2001,24012
,2000,8000
,1999,3998
,1998,3996
,1997,35946
,1996,123752
,1995,15960
,1994,25922
,1992,9960
,1991,1991
,1990,1990
,1989,5967
Colombia,,16561570
,2017,235989
,2016,219744
,2015,274040
,2014,465234
,2013,299937
,2012,231380
,2011,189034
,2010,273360
,2009,279251
,2008,267064
,2007,60210
,2006,86258
,2005,84210
,2004,74148
,2003,196294
,2002,300300
,2001,414207
,2000,274000
,1999,231884
,1998,187812
,1997,1194206
,1996,816364
,1995,245385
,1994,400794
,1992,1041816
,1991,836220
,1990,694510
,1989,978588
,1988,848876
,1987,669619
,1986,609702
,1985,758270
,1984,470208
,1983,464022
,1982,440004
,1981,340732
,1980,279180
,1979,277060
,1978,312524
,1977,158160
,1976,43472
,1975,19750
,1973,11838
,1972,3944
,1970,1970
Comoros,,9977
,1997,5991
,1994,1994
,1992,1992
Costa Rica,,132822
,2001,2001
,1997,1997
,1996,1996
,1994,1994
,1992,3984
,1991,3982
,1990,1990
,1989,1989
,1988,3976
,1987,5961
,1986,1986
,1985,9925
,1984,3968
,1983,5949
,1982,11892
,1981,19810
,1980,5940
,1979,3958
,1978,3956
,1977,9885
,1976,23712
,1971,1971
Croatia,,113728
,2013,4026
,2009,2009
,2008,4016
,2005,2005
,2001,6003
,2000,4000
,1997,15976
,1996,5988
,1995,1995
,1994,7976
,1992,7968
,1991,51766
Cuba,,59866
,2007,2007
,1997,27958
,1996,1996
,1994,17946
,1992,7968
,1991,1991
Cyprus,,262990
,2016,4032
,2015,6045
,2014,10070
,2013,18117
,2012,2012
,2007,2007
,2004,2004
,2001,2001
,2000,4000
,1999,1999
,1998,1998
,1996,19960
,1995,5985
,1994,11964
,1992,11952
,1991,21901
,1990,21890
,1989,11934
,1988,9940
,1987,19870
,1986,5958
,1985,13895
,1984,13888
,1983,3966
,1982,1982
,1981,5943
,1980,1980
,1979,9895
,1978,3956
,1977,1977
,1975,3950
,1973,5919
Czech Republic,,64221
,2017,6051
,2016,4032
,2015,8060
,2014,10070
,2013,2013
,2011,2011
,2009,2009
,2008,4016
,2003,2003
,2001,2001
,1997,7988
,1996,5988
,1995,5985
,1994,1994
Czechoslovakia,,19885
,1992,5976
,1991,1991
,1990,1990
,1989,7956
,1972,1972
Democratic Republic of the Congo,,1560583
,2017,288431
,2016,340704
,2015,288145
,2014,221540
,2013,44286
,2012,50300
,2011,32176
,2010,36180
,2009,108486
,2008,40160
,2007,22077
,2006,10030
,2005,10025
,2004,10020
,2003,12018
,2002,14014
,2001,10005
,2000,6000
,1999,5997
,1998,7992
,1997,1997
Denmark,,81679
,2016,2016
,2015,8060
,2013,2013
,2010,2010
,2008,2008
,1999,1999
,1995,11970
,1992,7968
,1991,1991
,1989,1989
,1988,1988
,1987,3974
,1986,3972
,1985,7940
,1981,11886
,1980,1980
,1979,5937
,1978,1978
Djibouti,,43877
,2017,2017
,2015,2015
,2014,2014
,2004,2004
,1997,1997
,1995,3990
,1994,3988
,1992,11952
,1991,1991
,1990,1990
,1988,3976
,1987,1987
,1979,1979
,1977,1977
Dominica,,5959
,1997,1997
,1981,3962
Dominican Republic,,179034
,2017,2017
,2014,2014
,2013,2013
,1997,23964
,1996,5988
,1994,13958
,1992,21912
,1991,15928
,1990,3980
,1989,21879
,1988,3976
,1987,29805
,1982,3964
,1980,1980
,1979,3958
,1978,1978
,1974,3948
,1973,5919
,1971,5913
,1970,3940
East Germany (GDR),,75198
,1990,5970
,1989,1989
,1988,7952
,1987,1987
,1986,5958
,1985,7940
,1984,1984
,1983,1983
,1982,1982
,1978,1978
,1977,1977
,1974,1974
,1971,7884
,1970,23640
East Timor,,20033
,2008,2008
,2007,4014
,2005,2005
,2003,4006
,2000,8000
Ecuador,,437762
,2017,6051
,2016,4032
,2015,2015
,2013,4026
,2012,2012
,2011,2011
,2009,2009
,2008,4016
,2004,4008
,2003,8012
,2002,4004
,2001,10005
,2000,8000
,1999,3998
,1998,5994
,1997,7988
,1996,9980
,1995,11970
,1994,11964
,1992,45816
,1991,33847
,1990,15920
,1989,27846
,1988,17892
,1987,11922
,1986,15888
,1985,23820
,1984,47616
,1983,19830
,1982,5946
,1981,3962
,1980,3960
,1979,3958
,1978,21758
,1977,13839
,1976,3952
,1974,5922
,1973,1973
Egypt,,4984219
,2017,451808
,2016,758016
,2015,1303705
,2014,712956
,2013,646173
,2012,98588
,2011,36198
,2010,4020
,2009,4018
,2008,2008
,2006,10030
,2005,4010
,2004,6012
,1999,1999
,1998,5994
,1997,43934
,1996,101796
,1995,203490
,1994,285142
,1992,157368
,1991,19910
,1990,25870
,1989,13923
,1988,17892
,1987,13909
,1986,7944
,1985,3970
,1982,1982
,1981,17829
,1980,9900
,1979,1979
,1978,3956
,1977,1977
,1972,1972
,1971,1971
,1970,1970
El Salvador,,10556180
,1997,3994
,1996,13972
,1995,17955
,1994,41874
,1992,57768
,1991,995500
,1990,366160
,1989,708084
,1988,729596
,1987,464958
,1986,347550
,1985,865460
,1984,541632
,1983,735693
,1982,1064334
,1981,1315384
,1980,1405800
,1979,645154
,1978,179998
,1977,11862
,1976,25688
,1975,5925
,1974,5922
,1973,1973
,1972,3944
Equatorial Guinea,,4001
,2009,2009
,1992,1992
Eritrea,,20046
,2011,2011
,2010,2010
,2009,2009
,2008,4016
,2007,4014
,1996,1996
,1995,3990
Estonia,,31975
,2015,4030
,2011,2011
,2001,2001
,1999,1999
,1996,1996
,1995,3990
,1994,11964
,1992,3984
Ethiopia,,379999
,2017,54459
,2016,26208
,2015,14105
,2014,4028
,2013,10065
,2012,6036
,2011,6033
,2010,4020
,2009,4018
,2008,16064
,2007,10035
,2006,22066
,2005,10025
,2004,4008
,2003,2003
,2002,6006
,2000,2000
,1999,3998
,1997,11982
,1996,13972
,1995,9975
,1994,7976
,1992,25896
,1991,9955
,1990,19900
,1989,1989
,1988,3976
,1987,1987
,1986,1986
,1985,1985
,1984,1984
,1983,5949
,1979,7916
,1978,3956
,1977,7908
,1976,9880
,1975,7900
,1974,7896
,1973,1973
,1971,1971
,1970,5910
Falkland Islands,,1983
,1983,1983
Fiji,,33902
,2001,2001
,2000,8000
,1999,5997
,1992,1992
,1991,5973
,1989,3978
,1987,5961
Finland,,40199
,2017,4034
,2016,6048
,2015,18135
,2008,2008
,2007,2007
,1995,1995
,1994,1994
,1992,1992
,1986,1986
France,,5360510
,2017,82697
,2016,52416
,2015,74555
,2014,28196
,2013,36234
,2012,132792
,2011,16088
,2010,6030
,2009,18081
,2008,26104
,2007,32112
,2006,68204
,2005,66165
,2004,22044
,2003,68102
,2002,64064
,2001,42021
,2000,56000
,1999,91954
,1998,23976
,1997,259610
,1996,538920
,1995,141645
,1994,193418
,1992,250992
,1991,272767
,1990,59700
,1989,49725
,1988,107352
,1987,172869
,1986,188670
,1985,210410
,1984,287680
,1983,239943
,1982,122884
,1981,130746
,1980,186120
,1979,419548
,1978,116702
,1977,104781
,1976,114608
,1975,77025
,1974,57246
,1973,27622
,1972,21692
French Guiana,,13935
,1997,3994
,1996,3992
,1983,5949
French Polynesia,,5985
,1995,5985
Gabon,,16034
,2017,8068
,1997,1997
,1996,1996
,1994,1994
,1979,1979
Gambia,,5989
,2000,2000
,1995,1995
,1994,1994
Georgia,,434271
,2017,2017
,2016,8064
,2015,2015
,2014,4028
,2013,4026
,2012,6036
,2011,6033
,2010,14070
,2009,50225
,2008,66264
,2006,6018
,2005,12030
,2004,6012
,2003,12018
,2002,4004
,2001,8004
,2000,14000
,1999,13993
,1998,23976
,1997,11982
,1996,5988
,1995,33915
,1994,35892
,1992,77688
,1991,5973
Germany,,1469309
,2017,54459
,2016,88704
,2015,130975
,2014,26182
,2012,10060
,2011,16088
,2010,2010
,2009,8036
,2008,6024
,2007,6021
,2006,8024
,2005,6015
,2004,6012
,2003,4006
,2002,6006
,2001,16008
,2000,16000
,1999,25987
,1998,11988
,1997,23964
,1996,103792
,1995,293265
,1994,157526
,1992,310752
,1991,129415
,1990,1990
Ghana,,37913
,2016,2016
,2014,2014
,1997,1997
,1996,3992
,1995,1995
,1994,7976
,1992,15936
,1987,1987
Greece,,2546124
,2017,86731
,2016,62496
,2015,62465
,2014,52364
,2013,108702
,2012,44264
,2011,22121
,2010,98490
,2009,231035
,2008,106424
,2007,30105
,2006,46138
,2005,12030
,2004,8016
,2003,24036
,2002,22022
,2001,28014
,2000,56000
,1999,69965
,1998,55944
,1997,41937
,1996,39920
,1995,15960
,1994,83748
,1992,69720
,1991,113487
,1990,109450
,1989,99450
,1988,75544
,1987,51662
,1986,81426
,1985,69475
,1984,55552
,1983,21813
,1982,37658
,1981,39620
,1980,29700
,1979,17811
,1978,77142
,1977,92919
,1976,41496
,1975,7900
,1974,11844
,1973,21703
,1972,3944
,1971,1971
,1970,5910
Grenada,,9903
,1983,1983
,1980,7920
Guadeloupe,,111082
,1991,1991
,1988,7952
,1986,1986
,1985,17865
,1984,27776
,1983,33711
,1981,1981
,1980,17820
Guatemala,,4068365
,2013,12078
,2012,2012
,2006,8024
,2004,4008
,2003,6009
,2001,4002
,2000,2000
,1999,1999
,1997,51922
,1996,51896
,1995,163590
,1994,167496
,1992,95616
,1991,153307
,1990,165170
,1989,157131
,1988,57652
,1987,111272
,1986,61566
,1985,125055
,1984,146816
,1983,232011
,1982,701628
,1981,790419
,1980,556380
,1979,118740
,1978,57362
,1977,15816
,1976,25688
,1975,9875
,1974,1974
,1971,1971
,1970,7880
Guinea,,50005
,2016,2016
,2015,4030
,2013,4026
,2005,2005
,2000,24000
,1996,1996
,1994,3988
,1992,3984
,1980,3960
Guinea-Bissau,,18051
,2012,2012
,2009,2009
,2006,2006
,2005,8020
,2003,2003
,2001,2001
Guyana,,51866
,2016,2016
,2008,6024
,2006,4012
,2003,2003
,2002,2002
,2001,2001
,1998,3996
,1997,1997
,1992,7968
,1990,9950
,1981,1981
,1980,1980
,1979,3958
,1978,1978
Haiti,,424763
,2016,2016
,2007,4014
,2006,2006
,2005,2005
,2004,4008
,2003,10015
,2002,4004
,2001,10005
,2000,18000
,1999,9995
,1998,1998
,1997,31952
,1996,53892
,1995,67830
,1994,53838
,1992,53784
,1991,33847
,1990,5970
,1989,5967
,1988,11928
,1987,19870
,1983,11898
,1974,3948
,1973,1973
Honduras,,642338
,2017,2017
,2016,2016
,2014,2014
,2013,4026
,2011,2011
,2009,16072
,2004,2004
,2002,2002
,1997,43934
,1996,37924
,1995,23940
,1994,11964
,1992,23904
,1991,41811
,1990,25870
,1989,57681
,1988,41748
,1987,39740
,1986,15888
,1985,17865
,1984,23808
,1983,57507
,1982,67388
,1981,33677
,1980,31680
,1979,11874
,1973,1973
Hong Kong,,51818
,2008,2008
,2005,2005
,2001,2001
,2000,4000
,1996,5988
,1995,1995
,1994,7976
,1992,11952
,1991,1991
,1990,1990
,1989,1989
,1981,5943
,1980,1980
Hungary,,91906
,2016,2016
,2015,2015
,2014,2014
,2009,2009
,2008,4016
,2001,2001
,1998,3996
,1997,33949
,1996,25948
,1994,3988
,1992,1992
,1991,5973
,1989,1989
Iceland,,7995
,2014,2014
,2012,2012
,1986,1986
,1983,1983
India,,23994731
,2017,1948422
,2016,2066400
,2015,1781260
,2014,1732040
,2013,1397022
,2012,1229332
,2011,1297095
,2010,1332630
,2009,1350048
,2008,1072272
,2007,299043
,2006,335002
,2005,292730
,2004,216432
,2003,392588
,2002,368368
,2001,468234
,2000,360000
,1999,223888
,1998,121878
,1997,385421
,1996,425148
,1995,357105
,1994,213358
,1992,472104
,1991,674949
,1990,694510
,1989,644436
,1988,711704
,1987,329842
,1986,190656
,1985,77415
,1984,315456
,1983,93201
,1982,25766
,1981,31696
,1980,19800
,1979,39580
,1977,1977
,1976,1976
,1975,1975
,1972,1972
Indonesia,,1524672
,2017,54459
,2016,38304
,2015,58435
,2014,70490
,2013,64416
,2012,78468
,2011,42231
,2010,8040
,2009,38171
,2008,26104
,2007,4014
,2006,20060
,2005,30075
,2004,34068
,2003,36054
,2002,86086
,2001,210105
,2000,202000
,1999,119940
,1998,5994
,1997,53919
,1996,129740
,1995,47880
,1994,9970
,1992,7968
,1991,13937
,1990,5970
,1989,3978
,1986,7944
,1985,3970
,1984,3968
,1981,1981
,1978,3956
,1977,1977
International,,2002
,2002,2002
Iran,,1360111
,2017,22187
,2016,20160
,2015,18135
,2014,18126
,2013,22143
,2012,10060
,2011,26143
,2010,28140
,2009,30135
,2008,16064
,2007,18063
,2006,28084
,2005,10025
,2003,4006
,2001,8004
,2000,30000
,1999,15992
,1998,9990
,1996,5988
,1995,15960
,1994,85742
,1992,31872
,1991,17919
,1990,21890
,1989,11934
,1988,11928
,1987,1987
,1986,11916
,1985,5955
,1984,33728
,1983,19830
,1982,51532
,1981,213948
,1980,132660
,1979,162278
,1978,53406
,1977,9885
,1976,7904
,1975,25675
,1974,21714
,1973,7892
,1972,29580
,1971,21681
,1970,9850
Iraq,,49579386
,2017,4973922
,2016,6773760
,2015,5543265
,2014,7921062
,2013,5741076
,2012,2891244
,2011,2630388
,2010,2369790
,2009,2284233
,2008,2220848
,2007,2101329
,2006,1681028
,2005,1237085
,2004,647292
,2003,204306
,2002,12012
,2001,6003
,2000,20000
,1999,23988
,1998,13986
,1997,41937
,1996,23952
,1995,33915
,1994,35892
,1992,69720
,1991,5973
,1989,7956
,1988,7952
,1987,5961
,1984,3968
,1983,5949
,1982,9910
,1981,5943
,1980,11880
,1979,3958
,1976,5928
,1975,1975
Ireland,,614182
,2017,34289
,2016,30240
,2015,56420
,2014,66462
,2013,54351
,2012,58348
,2011,8044
,2010,8040
,2008,10040
,2007,2007
,2006,2006
,2003,2003
,2001,4002
,1999,5997
,1998,5994
,1997,7988
,1996,1996
,1995,5985
,1994,19940
,1992,13944
,1991,31856
,1990,3980
,1989,5967
,1987,47688
,1986,3972
,1985,3970
,1984,1984
,1983,7932
,1982,7928
,1981,9905
,1980,13860
,1979,15832
,1978,5934
,1977,5931
,1976,9880
,1975,13825
,1974,5922
,1973,5919
,1972,9860
,1971,1971
,1970,1970
Israel,,4363047
,2017,64544
,2016,100800
,2015,116870
,2014,590102
,2013,74481
,2012,130780
,2011,102561
,2010,28140
,2009,72324
,2008,269072
,2007,106371
,2006,162486
,2005,86215
,2004,38076
,2003,76114
,2002,150150
,2001,158079
,2000,30000
,1999,15992
,1998,27972
,1997,25961
,1996,37924
,1995,25935
,1994,109670
,1992,155376
,1991,127424
,1990,195020
,1989,173043
,1988,69580
,1987,45701
,1986,95328
,1985,41685
,1984,49600
,1983,61473
,1982,140722
,1981,71316
,1980,156420
,1979,257270
,1978,45494
,1977,11862
,1976,3952
,1975,3950
,1974,23688
,1973,1973
,1972,29580
,1971,1971
Italy,,3101830
,2017,16136
,2016,22176
,2015,10075
,2014,14098
,2013,14091
,2012,20120
,2011,10055
,2010,20100
,2009,8036
,2008,4016
,2006,8024
,2005,12030
,2004,6012
,2003,30045
,2002,14014
,2001,22011
,2000,16000
,1999,13993
,1998,11988
,1997,15976
,1996,15968
,1995,1995
,1994,35892
,1992,73704
,1991,61721
,1990,11940
,1989,29835
,1988,57652
,1987,27818
,1986,13902
,1985,21835
,1984,27776
,1983,13881
,1982,45586
,1981,136689
,1980,217800
,1979,413611
,1978,547906
,1977,608916
,1976,341848
,1975,13825
,1974,43428
,1973,29595
,1972,7888
,1971,5913
,1970,5910
Ivory Coast,,148613
,2017,26221
,2016,2016
,2015,8060
,2014,2014
,2013,8052
,2012,32192
,2011,6033
,2010,14070
,2007,2007
,2006,6018
,2005,2005
,2004,2004
,2002,2002
,2001,2001
,2000,4000
,1997,1997
,1996,3992
,1995,13965
,1994,3988
,1992,5976
Jamaica,,71682
,2017,4034
,2014,2014
,2007,2007
,1997,15976
,1996,1996
,1995,1995
,1994,3988
,1992,11952
,1991,1991
,1986,1986
,1981,1981
,1980,11880
,1979,3958
,1976,1976
,1974,3948
Japan,,799701
,2016,2016
,2015,20150
,2014,10070
,2013,2013
,2009,2009
,2008,6024
,2003,4006
,2002,4004
,2001,6003
,2000,26000
,1999,3998
,1998,1998
,1997,9985
,1996,15968
,1995,39900
,1994,17946
,1992,79680
,1991,37829
,1990,185070
,1989,25857
,1988,31808
,1987,19870
,1986,19860
,1985,19850
,1984,29760
,1983,23796
,1982,3964
,1981,1981
,1979,31664
,1978,69230
,1977,7908
,1976,1976
,1975,23700
,1974,5922
,1973,3946
,1970,3940
Jordan,,225305
,2017,16136
,2016,18144
,2015,8060
,2014,6042
,2013,2013
,2012,4024
,2010,4020
,2006,2006
,2005,8020
,2002,4004
,2001,4002
,2000,4000
,1999,3998
,1998,1998
,1997,5991
,1996,3992
,1995,5985
,1994,11964
,1992,3984
,1991,21901
,1990,5970
,1988,1988
,1984,9920
,1983,13881
,1982,1982
,1981,3962
,1980,1980
,1976,1976
,1973,1973
,1972,13804
,1971,9855
,1970,17730
Kazakhstan,,54160
,2016,6048
,2013,8052
,2012,8048
,2011,10055
,2008,2008
,2001,2001
,2000,2000
,1997,3994
,1994,1994
,1992,9960
Kenya,,1373530
,2017,195649
,2016,131040
,2015,143065
,2014,231610
,2013,161040
,2012,160960
,2011,84462
,2010,24120
,2009,2009
,2008,22088
,2007,24084
,2006,4012
,2005,4010
,2003,4006
,2002,4004
,2001,14007
,2000,8000
,1998,3996
,1997,33949
,1996,5988
,1995,7980
,1994,9970
,1992,59760
,1991,9955
,1989,7956
,1980,1980
,1978,1978
,1976,3952
,1975,7900
Kosovo,,392724
,2017,16136
,2016,16128
,2015,4030
,2014,8056
,2013,12078
,2012,8048
,2011,2011
,2010,2010
,2009,2009
,2008,22088
,2007,10035
,2006,12036
,2005,16040
,2004,2004
,2003,18027
,2002,10010
,2001,34017
,2000,120000
,1999,77961
Kuwait,,151235
,2016,4032
,2015,2015
,2011,2011
,2005,4010
,2003,6009
,2002,2002
,2001,4002
,1997,3994
,1994,3988
,1992,29880
,1991,9955
,1988,7952
,1987,23844
,1986,1986
,1985,3970
,1984,1984
,1983,13881
,1982,1982
,1981,5943
,1980,7920
,1978,1978
,1976,1976
,1975,1975
,1974,1974
,1972,1972
Kyrgyzstan,,70212
,2017,4034
,2016,8064
,2015,6045
,2014,4028
,2011,2011
,2010,2010
,2007,2007
,2006,6018
,2005,4010
,2003,2003
,2002,4004
,2001,2001
,2000,8000
,1999,5997
,1996,9980
Laos,,54067
,2017,2017
,2016,8064
,2015,4030
,2012,2012
,2003,4006
,2001,2001
,2000,16000
,1996,1996
,1994,1994
,1992,7968
,1990,1990
,1989,1989
Latvia,,33976
,2017,2017
,2007,2007
,2000,6000
,1999,1999
,1998,7992
,1997,3994
,1995,1995
,1994,3988
,1992,3984
Lebanon,,4938418
,2017,46391
,2016,82656
,2015,88660
,2014,410856
,2013,243573
,2012,30180
,2011,20110
,2010,10050
,2009,28126
,2008,116464
,2007,36126
,2006,16048
,2005,34085
,2004,2004
,2003,10015
,2002,16016
,2001,10005
,2000,24000
,1999,83958
,1998,45954
,1997,91862
,1996,77844
,1995,75810
,1994,133598
,1992,181272
,1991,181181
,1990,167160
,1989,280449
,1988,248500
,1987,186778
,1986,210516
,1985,188575
,1984,329344
,1983,464022
,1982,237840
,1981,160461
,1980,170280
,1979,75202
,1978,23736
,1977,7908
,1976,7904
,1975,29625
,1974,21714
,1973,21703
,1972,5916
,1971,1971
,1970,1970
Lesotho,,57607
,2015,2015
,2009,2009
,2006,2006
,1994,5982
,1988,1988
,1984,1984
,1983,23796
,1982,3964
,1981,9905
,1979,3958
Liberia,,67913
,2017,2017
,2014,2014
,2012,2012
,2008,2008
,2003,4006
,2002,6006
,2001,6003
,2000,2000
,1999,3998
,1996,1996
,1994,5982
,1992,19920
,1991,1991
,1990,7960
Libya,,4530643
,2017,383230
,2016,850752
,2015,1094145
,2014,1466192
,2013,585783
,2012,114684
,2011,4022
,2008,2008
,2007,2007
,1996,7984
,1995,1995
,1992,1992
,1984,5952
,1980,3960
,1979,5937
Lithuania,,15958
,1997,1997
,1996,5988
,1995,3990
,1992,1992
,1991,1991
Luxembourg,,31784
,1994,5982
,1986,1986
,1985,19850
,1983,3966
Macau,,65895
,1998,11988
,1997,31952
,1996,19960
,1995,1995
Macedonia,,236305
,2017,2017
,2015,8060
,2014,6042
,2012,2012
,2009,2009
,2008,18072
,2007,2007
,2006,6018
,2003,10015
,2002,16016
,2001,134067
,2000,6000
,1999,5997
,1998,9990
,1997,3994
,1995,1995
,1994,1994
Madagascar,,54013
,2016,2016
,2014,2014
,2013,4026
,2012,2012
,2011,2011
,2009,2009
,2006,2006
,2002,10010
,1997,1997
,1996,3992
,1995,5985
,1992,13944
,1991,1991
Malawi,,9995
,2017,2017
,2002,2002
,1992,5976
Malaysia,,198295
,2017,8068
,2016,38304
,2015,10075
,2014,24168
,2013,26169
,2012,4024
,2009,2009
,2008,4016
,2001,2001
,2000,6000
,1992,3984
,1991,5973
,1990,5970
,1989,3978
,1988,7952
,1986,29790
,1983,1983
,1979,1979
,1977,3954
,1975,5925
,1973,1973
Maldives,,44266
,2017,4034
,2016,2016
,2015,4030
,2014,18126
,2013,6039
,2012,2012
,2008,2008
,2007,2007
,2006,2006
,1988,1988
Mali,,1139730
,2017,284397
,2016,199584
,2015,243815
,2014,138966
,2013,116754
,2012,38228
,2011,8044
,2010,2010
,2009,12054
,2008,18072
,2007,10035
,2005,2005
,1997,5991
,1995,1995
,1994,25922
,1992,5976
,1991,23892
,1990,1990
Malta,,45843
,2017,6051
,2015,2015
,2014,2014
,1997,1997
,1995,3990
,1992,1992
,1987,7948
,1986,1986
,1985,1985
,1984,13888
,1977,1977
Martinique,,23822
,1992,1992
,1991,1991
,1988,1988
,1987,1987
,1984,3968
,1983,9915
,1981,1981
Mauritania,,36017
,2011,6033
,2010,2010
,2009,10045
,2008,4016
,2005,2005
,2004,2004
,1996,1996
,1977,7908
Mauritius,,3977
,1989,1989
,1988,1988
Mexico,,1045057
,2017,40340
,2016,10080
,2015,38285
,2014,10070
,2013,16104
,2012,32192
,2011,4022
,2010,10050
,2009,2009
,2008,16064
,2007,20070
,2006,14042
,2005,2005
,2004,2004
,2003,2003
,2001,14007
,2000,8000
,1999,1999
,1998,3996
,1997,189715
,1996,149700
,1995,57855
,1994,83748
,1992,11952
,1991,19910
,1990,9950
,1989,1989
,1988,5964
,1987,1987
,1986,3972
,1985,1985
,1984,7936
,1983,3966
,1982,5946
,1981,5943
,1980,9900
,1979,19790
,1978,59340
,1977,37563
,1976,39520
,1975,19750
,1974,31584
,1973,11838
,1972,1972
,1970,3940
Moldova,,41929
,2016,2016
,2012,2012
,2009,2009
,2006,2006
,2000,2000
,1997,1997
,1996,3992
,1994,1994
,1992,21912
,1991,1991
Montenegro,,10049
,2015,2015
,2013,4026
,2007,2007
,2001,2001
Morocco,,71771
,2015,2015
,2011,2011
,2007,12042
,2003,10015
,1996,3992
,1995,1995
,1994,3988
,1992,1992
,1991,5973
,1987,7948
,1986,3972
,1985,3970
,1979,3958
,1978,1978
,1976,1976
,1973,3946
Mozambique,,725593
,2017,22187
,2016,159264
,2015,16120
,2014,44308
,2013,36234
,2012,2012
,2007,2007
,2000,6000
,1999,1999
,1995,5985
,1994,5982
,1992,37848
,1991,69685
,1990,45770
,1989,127296
,1988,31808
,1987,21857
,1986,13902
,1985,9925
,1984,19840
,1983,7932
,1982,17838
,1981,5943
,1979,9895
,1978,3956
Myanmar,,1095075
,2017,231955
,2016,149184
,2015,74555
,2014,30210
,2013,36234
,2012,34204
,2011,4022
,2010,22110
,2009,28126
,2008,40160
,2007,6021
,2006,4012
,2005,16040
,2004,4008
,2003,18027
,2002,8008
,2001,6003
,1999,7996
,1997,69895
,1996,25948
,1995,23940
,1994,15952
,1992,23904
,1991,43802
,1990,17910
,1989,47736
,1988,45724
,1987,1987
,1983,7932
,1982,3964
,1980,1980
,1979,37601
,1976,3952
,1973,1973
Namibia,,299975
,2001,12006
,2000,42000
,1999,1999
,1994,1994
,1991,1991
,1990,3980
,1989,21879
,1988,33796
,1987,13909
,1986,1986
,1985,15880
,1984,47616
,1983,9915
,1982,3964
,1980,3960
,1979,61349
,1978,15824
,1976,3952
,1975,1975
Nepal,,2441445
,2017,498199
,2016,86688
,2015,96720
,2014,14098
,2013,209352
,2012,92552
,2011,92506
,2010,76380
,2009,78351
,2008,240960
,2007,180630
,2006,166498
,2005,140350
,2004,124248
,2003,30045
,2002,116116
,2001,66033
,2000,46000
,1999,15992
,1997,17973
,1996,9980
,1994,5982
,1992,15936
,1991,1991
,1985,17865
Netherlands,,258768
,2017,2017
,2016,12096
,2015,6045
,2014,2014
,2011,4022
,2010,2010
,2009,2009
,2008,2008
,2004,2004
,2003,6009
,2002,4004
,2001,2001
,2000,2000
,1999,1999
,1997,1997
,1996,11976
,1995,13965
,1994,5982
,1992,23904
,1991,15928
,1990,11940
,1989,9945
,1988,7952
,1987,1987
,1986,27804
,1985,7940
,1984,1984
,1983,3966
,1982,3964
,1981,1981
,1980,1980
,1979,5937
,1978,5934
,1977,11862
,1976,5928
,1975,7900
,1974,3948
,1973,1973
,1972,1972
,1971,1971
,1970,5910
New Caledonia,,61572
,1992,3984
,1989,1989
,1988,17892
,1986,3972
,1985,13895
,1984,19840
New Hebrides,,1980
,1980,1980
New Zealand,,39973
,2016,2016
,2014,2014
,2008,10040
,2003,6009
,2001,2001
,1997,1997
,1996,3992
,1994,1994
,1991,1991
,1984,1984
,1981,3962
,1973,1973
Nicaragua,,3909614
,2014,4028
,2000,2000
,1999,1999
,1997,13979
,1996,51896
,1995,35910
,1994,37886
,1992,59760
,1991,159280
,1990,29850
,1989,41769
,1988,123256
,1987,443101
,1986,339606
,1985,512130
,1984,599168
,1983,592917
,1982,124866
,1981,93107
,1980,69300
,1979,407674
,1978,150328
,1977,9885
,1975,1975
,1974,1974
,1970,1970
Niger,,309298
,2017,26221
,2016,50400
,2015,82615
,2014,10070
,2013,8052
,2012,2012
,2011,4022
,2010,6030
,2009,8036
,2008,18072
,2007,14049
,1999,3998
,1997,5991
,1996,1996
,1995,3990
,1994,15952
,1992,31872
,1991,11946
,1989,1989
,1985,1985
Nigeria,,7866102
,2017,976228
,2016,1074528
,2015,1285570
,2014,1437996
,2013,696498
,2012,1239392
,2011,351925
,2010,126630
,2009,84378
,2008,152608
,2007,122427
,2006,74222
,2005,18045
,2004,12024
,2003,18027
,2002,12012
,2001,10005
,2000,12000
,1999,35982
,1998,3996
,1997,39940
,1996,21956
,1995,1995
,1994,15952
,1992,21912
,1991,5973
,1988,3976
,1983,5949
,1980,1980
,1976,1976
North Korea,,1994
,1994,1994
North Yemen,,11876
,1988,1988
,1981,1981
,1978,3956
,1977,1977
,1974,1974
Norway,,37954
,2017,2017
,2011,6033
,2010,2010
,2006,2006
,2003,2003
,2001,2001
,1996,1996
,1994,3988
,1992,3984
,1991,3982
,1987,3974
,1981,1981
,1979,1979
Pakistan,,28880409
,2017,1450223
,2016,1741824
,2015,2504645
,2014,4332114
,2013,4458795
,2012,3327848
,2011,2035132
,2010,1433130
,2009,1340003
,2008,1140544
,2007,521820
,2006,328984
,2005,154385
,2004,134268
,2003,58087
,2002,92092
,2001,106053
,2000,98000
,1999,77961
,1998,73926
,1997,411382
,1996,359280
,1995,1328670
,1994,307076
,1992,169320
,1991,298650
,1990,173130
,1989,89505
,1988,87472
,1987,119220
,1986,47664
,1985,3970
,1984,5952
,1983,17847
,1982,7928
,1981,7924
,1980,1980
,1979,13853
,1978,3956
,1976,5928
,1975,3950
,1974,3948
,1970,1970
Panama,,252703
,2016,2016
,2009,2009
,2000,2000
,1999,1999
,1997,11982
,1996,3992
,1995,11970
,1994,5982
,1992,73704
,1991,31856
,1990,29850
,1989,3978
,1988,1988
,1987,7948
,1986,9930
,1984,3968
,1983,17847
,1981,7924
,1980,7920
,1979,7916
,1976,3952
,1972,1972
Papua New Guinea,,177489
,2017,16136
,2007,2007
,2002,2002
,1997,3994
,1996,19960
,1995,19950
,1994,5982
,1992,19920
,1991,3982
,1990,35820
,1989,47736
Paraguay,,228870
,2017,20170
,2016,30240
,2015,38285
,2014,30210
,2013,20130
,2012,8048
,2011,8044
,2010,4020
,2000,4000
,1999,1999
,1997,11982
,1995,23940
,1994,3988
,1992,7968
,1987,1987
,1985,1985
,1984,3968
,1980,3960
,1976,1976
,1970,1970
People's Republic of the Congo,,7908
,1982,1982
,1977,3954
,1972,1972
Peru,,12115735
,2017,16136
,2016,6048
,2015,20150
,2014,24168
,2013,20130
,2012,12072
,2009,8036
,2008,2008
,2007,8028
,2006,2006
,2005,4010
,2004,6012
,2003,2003
,2002,4004
,2001,6003
,2000,6000
,1999,9995
,1998,9990
,1997,115826
,1996,83832
,1995,87780
,1994,181454
,1992,762936
,1991,1310078
,1990,985050
,1989,1253070
,1988,705740
,1987,1245849
,1986,1128048
,1985,698720
,1984,1174528
,1983,1062888
,1982,693700
,1981,295169
,1980,126720
,1979,5937
,1978,7912
,1977,7908
,1975,3950
,1974,5922
,1973,5919
Philippines,,13855225
,2017,1395764
,2016,1274112
,2015,1452815
,2014,1202358
,2013,1310463
,2012,500988
,2011,303661
,2010,412050
,2009,460061
,2008,554208
,2007,130455
,2006,116348
,2005,50125
,2004,64128
,2003,214321
,2002,96096
,2001,100050
,2000,264000
,1999,61969
,1998,35964
,1997,113829
,1996,121756
,1995,125685
,1994,143568
,1992,322704
,1991,322542
,1990,636800
,1989,310284
,1988,417480
,1987,317920
,1986,158880
,1985,246140
,1984,85312
,1983,31728
,1982,75316
,1981,61411
,1980,118800
,1979,98950
,1978,71208
,1977,3954
,1976,19760
,1975,7900
,1974,1974
,1972,13804
,1971,7884
,1970,19700
Poland,,77800
,2017,2017
,2016,4032
,2010,2010
,2001,2001
,1998,3996
,1997,5991
,1996,11976
,1995,7980
,1994,7976
,1992,9960
,1990,13930
,1981,1981
,1979,1979
,1971,1971
Portugal,,277460
,2011,4022
,1995,5985
,1994,1994
,1992,1992
,1989,1989
,1988,3976
,1986,21846
,1985,39700
,1984,27776
,1983,17847
,1982,5946
,1981,19810
,1980,15840
,1979,29685
,1978,7912
,1977,29655
,1976,29640
,1975,7900
,1973,1973
,1972,1972
Qatar,,13988
,2015,2015
,2005,2005
,2001,2001
,2000,2000
,1996,1996
,1989,1989
,1982,1982
Republic of the Congo,,72192
,2016,30240
,2013,2013
,2003,2003
,2002,6006
,2001,2001
,1999,5997
,1997,3994
,1996,1996
,1994,15952
,1990,1990
Rhodesia,,164251
,1980,25740
,1979,100929
,1978,37582
Romania,,11955
,2008,2008
,1995,1995
,1992,1992
,1991,1991
,1985,1985
,1984,1984
Russia,,4401912
,2017,66561
,2016,110880
,2015,42315
,2014,96672
,2013,289872
,2012,303812
,2011,378068
,2010,504510
,2009,305368
,2008,341360
,2007,102357
,2006,112336
,2005,128320
,2004,88176
,2003,152228
,2002,178178
,2001,270135
,2000,276000
,1999,107946
,1998,51948
,1997,153769
,1996,131736
,1995,73815
,1994,93718
,1992,41832
Rwanda,,317697
,2017,4034
,2016,2016
,2014,4028
,2013,8052
,2012,12072
,2011,4022
,2010,16080
,2009,2009
,2008,2008
,2005,2005
,2001,4002
,2000,2000
,1998,17982
,1997,65901
,1996,29940
,1995,33915
,1994,65802
,1992,35856
,1991,5973
Saudi Arabia,,746757
,2017,108918
,2016,249984
,2015,207545
,2014,28196
,2013,12078
,2012,12072
,2011,4022
,2009,6027
,2007,2007
,2006,6018
,2005,2005
,2004,34068
,2003,16024
,2002,4004
,2001,6003
,2000,10000
,1996,1996
,1995,5985
,1994,3988
,1991,3982
,1989,5967
,1988,1988
,1986,1986
,1985,3970
,1984,3968
,1979,1979
,1977,1977
Senegal,,235909
,2015,4030
,2014,4028
,2013,6039
,2012,24144
,2011,8044
,2010,2010
,2009,6027
,2008,4016
,2007,2007
,2005,2005
,2002,6006
,2001,16008
,2000,8000
,1999,1999
,1998,1998
,1997,51922
,1995,15960
,1994,3988
,1992,29880
,1991,7964
,1990,21890
,1988,5964
,1980,1980
Serbia,,24122
,2017,2017
,2012,6036
,2010,2010
,2009,6027
,2008,8032
Serbia-Montenegro,,22044
,2006,4012
,2005,4010
,2004,2004
,2003,12018
Seychelles,,3962
,1981,3962
Sierra Leone,,201700
,2017,6051
,2016,2016
,2000,48000
,1999,17991
,1998,13986
,1997,5991
,1996,9980
,1995,27930
,1994,43868
,1992,7968
,1991,17919
Singapore,,13910
,1994,1994
,1992,1992
,1991,1991
,1987,3974
,1985,1985
,1974,1974
Slovak Republic,,35958
,2016,2016
,2000,2000
,1999,1999
,1998,3996
,1997,7988
,1996,9980
,1995,5985
,1994,1994
Slovenia,,11979
,2000,2000
,1997,1997
,1996,5988
,1994,1994
Solomon Islands,,8004
,2003,2003
,2002,2002
,2000,2000
,1999,1999
Somalia,,8336704
,2017,1238438
,2016,1213632
,2015,842270
,2014,1756208
,2013,688446
,2012,653900
,2011,372035
,2010,261300
,2009,245098
,2008,345376
,2007,313092
,2006,20060
,2005,12030
,2004,2004
,2003,2003
,2002,6006
,2001,10005
,2000,18000
,1999,7996
,1998,1998
,1997,37943
,1996,31936
,1995,25935
,1994,113658
,1992,41832
,1991,15928
,1990,23880
,1989,3978
,1988,3976
,1987,1987
,1984,3968
,1983,1983
,1981,15848
,1980,1980
,1975,1975
South Africa,,4012521
,2017,58493
,2016,54432
,2015,10075
,2014,40280
,2013,26169
,2012,8048
,2008,2008
,2007,4014
,2002,16016
,2000,42000
,1999,33983
,1998,11988
,1997,33949
,1996,93812
,1995,63840
,1994,346956
,1992,539832
,1991,252857
,1990,306460
,1989,296361
,1988,487060
,1987,264271
,1986,315774
,1985,210410
,1984,119040
,1983,111048
,1982,51532
,1981,83202
,1980,45540
,1979,31664
,1978,17802
,1977,29655
,1976,1976
,1974,1974
South Korea,,75701
,2016,2016
,2015,2015
,2006,2006
,2003,2003
,2001,2001
,1996,1996
,1995,7980
,1994,3988
,1992,5976
,1991,11946
,1990,5970
,1989,1989
,1988,15904
,1986,3972
,1983,1983
,1982,1982
,1974,1974
South Sudan,,453461
,2017,108918
,2016,118944
,2015,108810
,2014,80560
,2013,26169
,2012,10060
South Vietnam,,1972
,1972,1972
South Yemen,,3954
,1983,1983
,1971,1971
Soviet Union,,155235
,1991,67694
,1990,71640
,1989,13923
,1978,1978
Spain,,6454206
,2017,8068
,2016,6048
,2015,2015
,2014,8056
,2013,10065
,2012,2012
,2010,6030
,2009,42189
,2008,74296
,2007,22077
,2006,46138
,2005,48120
,2004,62124
,2003,42063
,2002,82082
,2001,158079
,2000,224000
,1999,93953
,1998,33966
,1997,171742
,1996,125748
,1995,87780
,1994,109670
,1992,143424
,1991,177199
,1990,224870
,1989,282438
,1988,300188
,1987,206648
,1986,248250
,1985,226290
,1984,283712
,1983,241926
,1982,289372
,1981,211967
,1980,370260
,1979,552141
,1978,413402
,1977,290619
,1976,98800
,1975,268600
,1974,27636
,1973,41433
,1972,37468
,1971,43362
,1970,7880
Sri Lanka,,6027946
,2017,82697
,2016,2016
,2015,22165
,2014,32224
,2013,28182
,2012,8048
,2010,6030
,2009,74333
,2008,200800
,2007,264924
,2006,435302
,2005,266665
,2004,66132
,2003,18027
,2002,6006
,2001,72036
,2000,136000
,1999,91954
,1998,69930
,1997,127808
,1996,351296
,1995,251370
,1994,69790
,1992,205176
,1991,228965
,1990,280590
,1989,1014390
,1988,695800
,1987,228505
,1986,282012
,1985,218350
,1984,160704
,1983,13881
,1982,3964
,1981,3962
,1979,5937
,1975,1975
St. Kitts and Nevis,,3990
,1995,3990
St. Lucia,,2000
,2000,2000
Sudan,,1945061
,2017,213802
,2016,348768
,2015,318370
,2014,316198
,2013,92598
,2012,80480
,2011,76418
,2010,56280
,2009,52234
,2008,64256
,2007,46161
,2006,48144
,2005,12030
,2004,10020
,2002,26026
,2001,18009
,2000,14000
,1999,9995
,1997,5991
,1996,19960
,1995,7980
,1994,9970
,1992,13944
,1991,5973
,1990,1990
,1989,15912
,1988,19880
,1987,1987
,1986,11916
,1984,9920
,1983,5949
,1982,5946
,1981,1981
,1973,1973
Suriname,,131242
,1997,3994
,1994,1994
,1992,9960
,1991,1991
,1990,13930
,1989,33813
,1988,17892
,1987,25831
,1986,15888
,1984,1984
,1983,1983
,1982,1982
Swaziland,,31933
,2008,6024
,2006,2006
,2003,2003
,1999,1999
,1998,1998
,1997,1997
,1995,1995
,1992,1992
,1991,1991
,1989,1989
,1987,1987
,1986,1986
,1984,1984
,1982,1982
Sweden,,264674
,2017,36306
,2016,32256
,2015,64480
,2014,10070
,2012,4024
,2011,2011
,2010,6030
,2009,2009
,2008,2008
,2006,2006
,2005,6015
,2000,2000
,1999,3998
,1997,7988
,1996,1996
,1995,1995
,1994,1994
,1992,23904
,1991,11946
,1990,11940
,1989,5967
,1986,5958
,1983,1983
,1979,1979
,1978,1978
,1975,1975
,1972,5916
,1971,3942
Switzerland,,220452
,2016,2016
,2013,4026
,2011,6033
,2007,4014
,2003,2003
,2001,4002
,2000,8000
,1999,3998
,1998,1998
,1997,1997
,1996,7984
,1995,9975
,1992,11952
,1991,3982
,1990,1990
,1988,7952
,1987,1987
,1985,13895
,1984,1984
,1983,5949
,1982,11892
,1981,25753
,1980,13860
,1979,11874
,1978,5934
,1977,7908
,1976,7904
,1975,5925
,1974,5922
,1973,3946
,1972,5916
,1971,1971
,1970,5910
Syria,,4429312
,2017,490131
,2016,953568
,2015,989365
,2014,666634
,2013,573705
,2012,362160
,2011,98539
,2008,2008
,2006,2006
,2004,2004
,1998,1998
,1997,1997
,1996,3992
,1989,1989
,1986,7944
,1985,1985
,1984,1984
,1983,1983
,1982,39640
,1981,81221
,1980,65340
,1979,55412
,1978,1978
,1977,5931
,1976,3952
,1975,3950
,1974,7896
Taiwan,,99777
,2017,2017
,2016,2016
,2014,2014
,2013,4026
,2008,2008
,2004,4008
,2001,4002
,1997,1997
,1996,9980
,1995,7980
,1994,9970
,1992,39840
,1991,3982
,1990,1990
,1976,1976
,1971,1971
Tajikistan,,375496
,2017,4034
,2016,4032
,2015,6045
,2014,2014
,2012,10060
,2010,2010
,2009,2009
,2007,2007
,2005,2005
,2001,12006
,2000,12000
,1999,7996
,1998,21978
,1997,79880
,1996,43912
,1995,67830
,1994,61814
,1992,33864
Tanzania,,118555
,2017,12102
,2016,6048
,2015,28210
,2014,22154
,2013,14091
,2010,2010
,2008,2008
,2004,2004
,2002,4004
,2001,8004
,2000,4000
,1998,1998
,1997,1997
,1995,1995
,1994,1994
,1982,1982
,1979,1979
,1975,1975
Thailand,,7736432
,2017,361043
,2016,663264
,2015,560170
,2014,851922
,2013,950136
,2012,561348
,2011,366002
,2010,508530
,2009,598682
,2008,401600
,2007,588051
,2006,405212
,2005,310775
,2004,88176
,2003,12018
,2002,24024
,2001,28014
,2000,8000
,1999,7996
,1998,7992
,1997,39940
,1996,37924
,1995,23940
,1994,47856
,1992,49800
,1991,15928
,1990,19900
,1989,31824
,1988,9940
,1986,5958
,1985,1985
,1984,1984
,1983,1983
,1982,5946
,1981,35658
,1980,51480
,1979,31664
,1978,9890
,1977,5931
,1974,1974
,1972,1972
Togo,,95639
,2005,2005
,1996,1996
,1995,1995
,1994,25922
,1992,53784
,1991,3982
,1985,5955
Trinidad and Tobago,,43927
,2015,2015
,2013,6039
,2010,2010
,2005,4010
,1996,5988
,1995,7980
,1994,1994
,1992,1992
,1991,1991
,1989,1989
,1983,1983
,1981,1981
,1979,1979
,1976,1976
Tunisia,,219159
,2017,8068
,2016,24192
,2015,34255
,2014,46322
,2013,58377
,2012,6036
,2011,6033
,2008,4016
,2007,2007
,2002,2002
,2001,2001
,2000,2000
,1995,1995
,1994,1994
,1991,3982
,1987,7948
,1986,3972
,1980,1980
,1979,1979
Turkey,,8580353
,2017,365077
,2016,1092672
,2015,850330
,2014,189316
,2013,84546
,2012,378256
,2011,102561
,2010,40200
,2009,26117
,2008,64256
,2007,58203
,2006,86258
,2005,82205
,2004,54108
,2003,38057
,2002,10010
,2001,38019
,2000,70000
,1999,217891
,1998,45954
,1997,87868
,1996,107784
,1995,265335
,1994,598200
,1992,1023888
,1991,583363
,1990,388050
,1989,226746
,1988,83496
,1987,85441
,1986,13902
,1985,3970
,1984,37696
,1983,9915
,1982,9910
,1981,15848
,1980,188100
,1979,279039
,1978,102856
,1977,373653
,1976,69160
,1975,19750
,1974,1974
,1972,17748
,1971,68985
,1970,23640
Turkmenistan,,4016
,2014,2014
,2002,2002
Uganda,,787315
,2017,26221
,2016,30240
,2015,20150
,2014,12084
,2012,8048
,2010,12060
,2009,4018
,2008,14056
,2007,2007
,2005,22055
,2004,20040
,2003,60090
,2002,48048
,2001,48024
,2000,40000
,1999,37981
,1998,35964
,1997,47928
,1996,57884
,1995,13965
,1994,25922
,1992,5976
,1991,3982
,1990,27860
,1989,29835
,1988,29820
,1987,1987
,1986,1986
,1985,13895
,1984,5952
,1983,11898
,1982,1982
,1981,49525
,1979,15832
Ukraine,,3442254
,2017,123037
,2016,122976
,2015,1283555
,2014,1802530
,2013,10065
,2012,16096
,2011,6033
,2010,8040
,2009,4018
,2008,2008
,2007,2007
,2003,2003
,2002,6006
,2000,2000
,1999,11994
,1997,3994
,1996,5988
,1995,3990
,1994,19940
,1992,1992
,1991,3982
United Arab Emirates,,43781
,2014,4028
,2013,2013
,2010,4020
,1995,3990
,1992,1992
,1989,1989
,1986,1986
,1985,3970
,1983,1983
,1981,5943
,1980,1980
,1979,3958
,1978,1978
,1977,1977
,1974,1974
United Kingdom,,10411804
,2017,246074
,2016,211680
,2015,229710
,2014,207442
,2013,275781
,2012,110660
,2011,94517
,2010,114570
,2009,46207
,2008,78312
,2007,40140
,2006,12036
,2005,58145
,2004,10020
,2003,46069
,2002,42042
,2001,188094
,2000,122000
,1999,151924
,1998,125874
,1997,155766
,1996,71856
,1995,43890
,1994,510464
,1992,545808
,1991,521642
,1990,292530
,1989,324207
,1988,359828
,1987,232479
,1986,188670
,1985,132995
,1984,287680
,1983,350991
,1982,188290
,1981,281302
,1980,265320
,1979,472981
,1978,197800
,1977,276780
,1976,383344
,1975,383150
,1974,400722
,1973,372897
,1972,575824
,1971,159651
,1970,23640
United States,,5626581
,2017,131105
,2016,129024
,2015,76570
,2014,58406
,2013,40260
,2012,40240
,2011,20110
,2010,34170
,2009,22099
,2008,36144
,2007,16056
,2006,12036
,2005,42105
,2004,18036
,2003,66099
,2002,66066
,2001,82041
,2000,64000
,1999,105947
,1998,61938
,1997,79880
,1996,69860
,1995,119700
,1994,109670
,1992,63744
,1991,59730
,1990,63680
,1989,83538
,1988,53676
,1987,67558
,1986,97314
,1985,79400
,1984,124992
,1983,87252
,1982,154596
,1981,146594
,1980,132660
,1979,136551
,1978,172086
,1977,257010
,1976,207480
,1975,294275
,1974,185556
,1973,114434
,1972,134096
,1971,486837
,1970,921960
Uruguay,,162306
,2016,2016
,2005,2005
,1997,3994
,1996,1996
,1995,1995
,1994,7976
,1992,21912
,1991,5973
,1990,1990
,1989,1989
,1986,3972
,1985,3970
,1984,7936
,1972,13804
,1971,15768
,1970,65010
Uzbekistan,,42034
,2015,2015
,2009,4018
,2005,4010
,2004,10020
,1999,15992
,1995,1995
,1992,3984
Vanuatu,,3992
,1996,3992
Vatican City,,1981
,1981,1981
Venezuela,,583943
,2017,34289
,2016,12096
,2015,6045
,2014,8056
,2013,2013
,2012,2012
,2009,6027
,2008,2008
,2007,4014
,2003,16024
,2002,10010
,2001,10005
,1999,9995
,1998,1998
,1997,81877
,1996,23952
,1995,21945
,1994,23928
,1992,63744
,1991,33847
,1990,1990
,1989,15912
,1988,19880
,1987,25831
,1986,15888
,1985,3970
,1984,7936
,1983,11898
,1982,3964
,1981,13867
,1980,15840
,1979,7916
,1978,13846
,1977,5931
,1976,7904
,1975,9875
,1974,5922
,1973,7892
,1972,1972
,1971,7884
,1970,3940
Vietnam,,24009
,2017,4034
,2001,8004
,1997,3994
,1996,1996
,1995,1995
,1994,1994
,1992,1992
Wallis and Futuna,,1994
,1994,1994
West Bank and Gaza Strip,,4457567
,2017,167411
,2016,316512
,2015,495690
,2014,267862
,2013,128832
,2012,46276
,2011,40220
,2010,22110
,2009,20090
,2008,126504
,2007,176616
,2006,70210
,2005,76190
,2004,68136
,2003,90135
,2002,172172
,2001,246123
,2000,56000
,1999,21989
,1998,23976
,1997,43934
,1996,59880
,1995,133665
,1994,329010
,1992,237048
,1991,165253
,1990,175120
,1989,198900
,1988,35784
,1987,21857
,1986,25818
,1985,1985
,1984,51584
,1983,67422
,1982,77298
,1981,33677
,1980,110880
,1979,43538
,1978,7912
,1976,1976
,1972,1972
West Germany (FRG),,1071017
,1990,17910
,1989,41769
,1988,27832
,1987,37753
,1986,91356
,1985,105205
,1984,41664
,1983,9915
,1982,57478
,1981,61411
,1980,39600
,1979,33643
,1978,37582
,1977,79080
,1976,98800
,1975,69125
,1974,55272
,1973,53271
,1972,47328
,1971,25623
,1970,39400
Western Sahara,,9947
,2007,2007
,1992,1992
,1986,1986
,1984,1984
,1978,1978
Yemen,,6738599
,2017,455842
,2016,1058400
,2015,1337960
,2014,1536682
,2013,855525
,2012,627744
,2011,237298
,2010,225120
,2009,46207
,2008,44176
,2007,14049
,2006,10030
,2005,14035
,2003,14021
,2002,14014
,2001,14007
,2000,20000
,1999,33983
,1998,13986
,1997,37943
,1996,15968
,1995,15960
,1994,37886
,1992,47808
,1991,9955
Yugoslavia,,405267
,2002,6006
,2001,40020
,2000,28000
,1999,45977
,1998,91908
,1997,75886
,1996,31936
,1995,5985
,1994,1994
,1992,23904
,1991,21901
,1990,9950
,1989,5967
,1984,1984
,1983,1983
,1981,3962
,1980,1980
,1977,1977
,1974,1974
,1973,1973
Zaire,,99579
,1997,9985
,1996,25948
,1995,11970
,1994,11964
,1992,9960
,1991,11946
,1988,1988
,1984,5952
,1977,1977
,1973,1973
,1972,5916
Zambia,,123458
,2017,4034
,2002,2002
,2000,16000
,1999,13993
,1996,7984
,1995,1995
,1990,7960
,1989,35802
,1988,9940
,1987,1987
,1986,1986
,1985,1985
,1981,1981
,1979,1979
,1978,5934
,1977,1977
,1975,1975
,1973,1973
,1971,1971
Zimbabwe,,201073
,2017,6051
,2014,2014
,2013,6039
,2011,2011
,2010,2010
,2008,10040
,2007,2007
,2006,2006
,2003,2003
,2002,16016
,2001,6003
,2000,2000
,1995,3990
,1994,1994
,1992,1992
,1991,1991
,1990,11940
,1989,5967
,1988,1988
,1987,21857
,1986,1986
,1985,1985
,1984,5952
,1983,11898
,1982,23784
,1981,17829
,1980,27720
